{
  "version": 1,
  "author": "Chatchapol Singhachan",
  "editor": "wokwi",
  "parts": [
    {
      "type": "board-esp32-devkit-c-v4",
      "id": "esp",
      "top": 0,
      "left": 0,
      "attrs": { "env": "micropython-20231227-v1.22.0" }
    },
    {
      "type": "wokwi-led",
      "id": "led1",
      "top": -166.8,
      "left": 167.4,
      "attrs": { "color": "red", "flip": "1" }
    },
    {
      "type": "wokwi-resistor",
      "id": "r1",
      "top": -81.6,
      "left": 153.05,
      "rotate": 90,
      "attrs": { "value": "1" }
    },
    {
      "type": "wokwi-led",
      "id": "led2",
      "top": -166.8,
      "left": 215.4,
      "attrs": { "color": "orange", "flip": "1" }
    },
    {
      "type": "wokwi-resistor",
      "id": "r2",
      "top": -81.6,
      "left": 201.05,
      "rotate": 90,
      "attrs": { "value": "1" }
    },
    {
      "type": "wokwi-led",
      "id": "led3",
      "top": -166.8,
      "left": 263.4,
      "attrs": { "color": "yellow", "flip": "1" }
    },
    {
      "type": "wokwi-resistor",
      "id": "r3",
      "top": -81.6,
      "left": 249.05,
      "rotate": 90,
      "attrs": { "value": "1" }
    },
    {
      "type": "wokwi-led",
      "id": "led4",
      "top": -166.8,
      "left": 311.4,
      "attrs": { "color": "green", "flip": "1" }
    },
    {
      "type": "wokwi-resistor",
      "id": "r4",
      "top": -81.6,
      "left": 297.05,
      "rotate": 90,
      "attrs": { "value": "1" }
    }
  ],
  "connections": [
    [ "esp:TX", "$serialMonitor:RX", "", [] ],
    [ "esp:RX", "$serialMonitor:TX", "", [] ],
    [ "led1:A", "r1:1", "red", [ "v9.6" ] ],
    [ "r1:2", "esp:15", "red", [ "h0", "v219.6" ] ],
    [ "led1:C", "esp:GND.3", "black", [ "v0" ] ],
    [ "led2:A", "r2:1", "red", [ "v9.6" ] ],
    [ "led3:A", "r3:1", "red", [ "v9.6" ] ],
    [ "led4:A", "r4:1", "red", [ "v9.6" ] ],
    [ "led2:C", "esp:GND.3", "black", [ "v0" ] ],
    [ "led3:C", "esp:GND.3", "black", [ "v0" ] ],
    [ "led4:C", "esp:GND.3", "black", [ "v0" ] ],
    [ "r2:2", "esp:18", "red", [ "h0", "v152.4" ] ],
    [ "r3:2", "esp:22", "red", [ "h0", "v94.8" ] ],
    [ "r4:2", "esp:23", "red", [ "h0", "v85.2" ] ]
  ],
  "dependencies": {}
}