{
  "version": 1,
  "author": "sky sky",
  "editor": "wokwi",
  "parts": [
    {
      "type": "board-esp32-devkit-c-v4",
      "id": "esp",
      "top": -38.4,
      "left": -263.96,
      "attrs": { "env": "micropython-20231227-v1.22.0" }
    },
    {
      "type": "wokwi-led",
      "id": "led1",
      "top": -32.4,
      "left": -139.8,
      "attrs": { "color": "red", "flip": "1" }
    },
    {
      "type": "wokwi-resistor",
      "id": "r1",
      "top": 43.2,
      "left": -154.15,
      "rotate": 90,
      "attrs": { "value": "1" }
    },
    {
      "type": "wokwi-led",
      "id": "led2",
      "top": -32.4,
      "left": -91.8,
      "attrs": { "color": "green", "flip": "1" }
    },
    {
      "type": "wokwi-resistor",
      "id": "r2",
      "top": 43.2,
      "left": -106.15,
      "rotate": 90,
      "attrs": { "value": "1" }
    }
  ],
  "connections": [
    [ "esp:TX", "$serialMonitor:RX", "", [] ],
    [ "esp:RX", "$serialMonitor:TX", "", [] ],
    [ "r1:1", "led1:A", "red", [ "h0" ] ],
    [ "r1:2", "esp:15", "red", [ "v57.8", "h-38.1" ] ],
    [ "led1:C", "esp:GND.3", "black", [ "v0" ] ],
    [ "r2:1", "led2:A", "red", [ "h0" ] ],
    [ "led2:C", "esp:GND.3", "black", [ "v0" ] ],
    [ "r2:2", "esp:18", "red", [ "h-19.2", "v-10.8" ] ]
  ],
  "dependencies": {}
}