{
  "version": 1,
  "author": "Anonymous maker",
  "editor": "wokwi",
  "parts": [
    {
      "type": "board-esp32-devkit-c-v4",
      "id": "esp",
      "top": 0,
      "left": 0,
      "attrs": { "env": "micropython-20231227-v1.22.0" }
    },
    {
      "type": "wokwi-led",
      "id": "led1",
      "top": -32.4,
      "left": 196.2,
      "attrs": { "color": "red", "flip": "1" }
    },
    {
      "type": "wokwi-resistor",
      "id": "r1",
      "top": 33.05,
      "left": 113.8,
      "rotate": 180,
      "attrs": { "value": "330" }
    },
    {
      "type": "wokwi-led",
      "id": "led2",
      "top": -32.4,
      "left": 253.8,
      "attrs": { "color": "red", "flip": "1" }
    },
    {
      "type": "wokwi-resistor",
      "id": "r2",
      "top": 42.65,
      "left": 113.8,
      "rotate": 180,
      "attrs": { "value": "330" }
    }
  ],
  "connections": [
    [ "esp:TX", "$serialMonitor:RX", "", [] ],
    [ "esp:RX", "$serialMonitor:TX", "", [] ],
    [ "led1:C", "esp:GND.3", "black", [ "v9.6" ] ],
    [ "r1:2", "esp:23", "red", [ "v0" ] ],
    [ "r1:1", "led1:A", "red", [ "v0", "h38.4" ] ],
    [ "led2:C", "esp:GND.3", "black", [ "v76.8", "h-0.4" ] ],
    [ "esp:22", "r2:2", "red", [ "h0" ] ],
    [ "r2:1", "led2:A", "red", [ "v0", "h96" ] ]
  ],
  "dependencies": {}
}